state,season,crop,year,yield_quintal_per_acre,price_per_quintal,note,source_url,retrieved_date
Tamil Nadu,Kuruvai,paddy,2018,21.51,1708.91,"Yield: TN Season and Crop Report, rice converted to paddy at 0.67; price: CEDA Sep-Oct avg",https://www.tn.gov.in/tnportal/dept/agri/crop_report,2025-10-01
Tamil Nadu,Kuruvai,paddy,2019,23.01,1828.59,"Yield: TN Season and Crop Report, rice converted to paddy at 0.67; price: CEDA Sep-Oct avg",https://www.tn.gov.in/tnportal/dept/agri/crop_report,2025-10-01
Tamil Nadu,Kuruvai,paddy,2020,20.42,1790.94,"Yield: TN Season and Crop Report, rice converted to paddy at 0.67; price: CEDA Sep-Oct avg",https://www.tn.gov.in/tnportal/dept/agri/crop_report,2025-10-01
Tamil Nadu,Kuruvai,paddy,2021,21.54,1586.82,"Yield: TN Season and Crop Report, rice converted to paddy at 0.67; price: CEDA Sep-Oct avg",https://www.tn.gov.in/tnportal/dept/agri/crop_report,2025-10-01
Tamil Nadu,Kuruvai,paddy,2022,21.14,1807.09,"Yield: TN Season and Crop Report, rice converted to paddy at 0.67; price: CEDA Sep-Oct avg",https://www.tn.gov.in/tnportal/dept/agri/crop_report,2025-10-01
Tamil Nadu,Kuruvai,paddy,2023,20.26,2135.04,"Yield: TN Season and Crop Report, rice converted to paddy at 0.67; price: CEDA Sep-Oct avg",https://www.tn.gov.in/tnportal/dept/agri/crop_report,2025-10-01
Tamil Nadu,Kuruvai,paddy,2024,19.86,2172.84,"Yield: TN Season and Crop Report, rice converted to paddy at 0.67; price: CEDA Sep-Oct avg",https://www.tn.gov.in/tnportal/dept/agri/crop_report,2025-10-01
Tamil Nadu,Kuruvai,maize,2018,29.37,1450.11,Yield: TN Season and Crop Report; price: CEDA Sep-Oct avg,https://www.tn.gov.in/tnportal/dept/agri/crop_report,2025-10-01
Tamil Nadu,Kuruvai,maize,2019,31.72,2176.41,Yield: TN Season and Crop Report; price: CEDA Sep-Oct avg,https://www.tn.gov.in/tnportal/dept/agri/crop_report,2025-10-01
Tamil Nadu,Kuruvai,maize,2020,25.94,1440.76,Yield: TN Season and Crop Report; price: CEDA Sep-Oct avg,https://www.tn.gov.in/tnportal/dept/agri/crop_report,2025-10-01
Tamil Nadu,Kuruvai,maize,2021,28.6,1870.35,Yield: TN Season and Crop Report; price: CEDA Sep-Oct avg,https://www.tn.gov.in/tnportal/dept/agri/crop_report,2025-10-01
Tamil Nadu,Kuruvai,maize,2022,28.36,2208.16,Yield: TN Season and Crop Report; price: CEDA Sep-Oct avg,https://www.tn.gov.in/tnportal/dept/agri/crop_report,2025-10-01
Tamil Nadu,Kuruvai,maize,2023,25.25,2214.56,Yield: TN Season and Crop Report; price: CEDA Sep-Oct avg,https://www.tn.gov.in/tnportal/dept/agri/crop_report,2025-10-01
Tamil Nadu,Kuruvai,maize,2024,22.21,2792.84,Yield: TN Season and Crop Report; price: CEDA Sep-Oct avg,https://www.tn.gov.in/tnportal/dept/agri/crop_report,2025-10-01
